case,event
1,av
1,f
1,a
1,i
1,y
1,ad
1,d
1,o
1,w
1,ak
1,ag
2,i
2,f
2,ad
2,av
2,a
2,ae
2,e
2,s
2,at
3,b
3,a
3,g
3,u
3,ae
3,d
3,o
3,au
3,w
3,ag
4,b
4,aj
4,l
4,q
4,an
4,u
4,ab
4,x
4,al
4,j
4,v
4,ap
4,af
4,e
4,s
4,ai
4,t
6,as
6,a
6,y
6,d
6,au
6,i
6,f
6,ad
6,o
6,w
6,ag
7,b
7,a
7,h
7,p
7,u
7,g
7,d
7,ak
7,o
8,g
8,b
8,l
8,u
8,q
8,ab
8,an
8,x
8,al
8,ae
8,e
8,s
8,ai
8,t
9,l
9,q
9,x
9,an
9,g
9,z
9,b
9,al
9,ae
9,u
9,e
9,s
9,at
9,t
10,as
10,a
10,i
10,e
10,ad
10,f
10,s
10,ai
10,t
11,b
11,u
11,a
11,g
11,ah
11,ao
11,d
11,n
11,o
13,as
13,i
13,f
13,a
13,j
13,v
13,af
13,ap
13,e
13,ad
13,s
13,at
13,t
15,l
15,b
15,q
15,an
15,u
15,z
15,x
15,al
15,ah
15,r
15,d
15,w
15,o
15,au
15,ag
16,l
16,f
16,i
16,av
16,q
16,an
16,x
16,ab
16,ad
16,al
16,ac
16,e
16,s
16,at
16,t
17,i
17,l
17,as
17,q
17,ab
17,ad
17,f
17,x
17,an
17,al
17,ah
17,ao
17,e
17,s
17,at
17,t
18,g
18,b
18,a
18,u
18,d
18,au
18,w
18,o
18,ag
19,i
19,as
19,ad
19,l
19,f
19,q
19,z
19,an
19,x
19,al
19,d
19,n
19,o
19,m
20,as
20,l
20,i
20,f
20,ad
20,q
20,ab
20,an
20,x
20,al
20,aa
20,e
20,s
20,at
20,t
22,i
22,ad
22,as
22,f
22,l
22,q
22,x
22,an
22,ab
22,al
22,aa
22,e
22,s
22,at
22,t
23,l
23,i
23,f
23,q
23,ad
23,z
23,av
23,an
23,x
23,al
23,c
23,aq
23,ar
23,e
23,s
23,ai
23,t
25,i
25,l
25,ad
25,av
25,f
25,q
25,an
25,x
25,ab
25,al
25,d
25,o
25,m
27,l
27,i
27,q
27,f
27,x
27,av
27,an
27,z
27,ad
27,al
27,aa
27,e
27,s
27,at
28,i
28,ad
28,f
28,av
28,l
28,q
28,an
28,x
28,z
28,al
28,c
28,aq
28,ar
28,e
28,s
28,at
28,t
29,l
29,q
29,z
29,an
29,aj
29,x
29,b
29,al
29,u
29,h
29,p
29,e
29,s
29,at
29,t
31,a
31,f
31,av
31,i
31,ad
31,j
31,ap
31,v
31,af
31,d
31,o
31,au
31,w
31,m
31,ag
33,k
33,a
33,b
33,u
33,e
33,s
33,ai
33,t
34,a
34,aa
34,d
34,i
34,ad
34,as
34,f
34,o
35,l
35,i
35,as
35,f
35,ad
35,q
35,x
35,ab
35,an
35,al
35,am
35,ao
35,e
35,s
36,i
36,ad
36,av
36,f
36,l
36,q
36,an
36,ab
36,x
36,al
36,y
36,e
36,s
36,ai
36,t
38,a
38,b
38,ac
38,u
38,d
38,m
38,o
38,n
39,l
39,g
39,b
39,q
39,u
39,an
39,z
39,x
39,al
39,d
39,o
39,au
39,w
39,ag
40,av
40,a
40,f
40,i
40,h
40,ad
40,p
40,e
40,s
40,ai
40,t
41,b
41,a
41,aj
41,u
41,ae
41,d
41,au
41,m
41,w
41,o
41,ag
42,a
42,ac
42,d
42,ak
42,b
42,u
42,m
42,w
42,o
42,ag
43,a
43,b
43,e
43,s
43,ai
43,u
43,t
44,a
44,b
44,ac
44,aj
44,u
44,e
44,s
44,at
44,t
45,i
45,l
45,q
45,f
45,as
45,ad
45,x
45,ab
45,an
45,al
45,aa
45,e
45,s
45,ai
45,t
47,b
47,g
47,a
47,u
47,e
47,s
47,ai
47,t
48,aj
48,b
48,l
48,u
48,q
48,an
48,x
48,ab
48,al
48,ae
48,e
48,s
48,at
48,t
49,as
49,f
49,l
49,q
49,i
49,x
49,ad
49,ab
49,an
49,al
49,j
49,ap
49,af
49,v
49,e
49,s
49,at
49,t
50,l
50,q
50,an
50,aj
50,x
50,b
50,al
50,ab
50,ac
50,u
50,e
50,s
50,ai
50,t
52,k
52,a
52,b
52,h
52,p
52,d
52,u
52,o
53,i
53,f
53,ad
53,as
53,l
53,q
53,z
53,x
53,an
53,al
53,y
53,e
53,s
53,at
53,t
54,i
54,f
54,av
54,a
54,c
54,ad
54,aq
54,ar
54,d
54,o
54,ak
54,w
54,ag
55,a
55,b
55,ac
55,u
55,e
55,s
55,ai
55,t
56,i
56,as
56,f
56,a
56,ad
56,j
56,ap
56,v
56,af
56,e
56,s
56,ai
56,t
57,f
57,l
57,as
57,i
57,ad
57,q
57,x
57,an
57,ab
57,al
57,ae
57,e
57,s
57,ai
57,t
58,i
58,as
58,l
58,f
58,q
58,an
58,ad
58,ab
58,x
58,al
58,aa
58,d
58,n
58,o
59,i
59,av
59,ad
59,l
59,f
59,q
59,ab
59,x
59,an
59,al
59,ac
59,d
59,ak
59,o
59,m
59,w
59,ag
60,b
60,u
60,a
60,ae
60,d
60,n
60,o
61,b
61,u
61,a
61,j
61,af
61,v
61,ap
61,d
61,m
61,w
61,ak
61,o
61,ag
62,av
62,l
62,f
62,i
62,q
62,an
62,ab
62,x
62,ad
62,al
62,j
62,ap
62,af
62,v
62,d
62,o
62,m
62,w
62,au
62,ag
64,b
64,a
64,u
64,d
64,w
64,o
64,ak
64,ag
65,i
65,av
65,ad
65,l
65,f
65,q
65,x
65,ab
65,an
65,al
65,h
65,p
65,d
65,au
65,o
65,w
65,ag
67,b
67,u
67,k
67,l
67,q
67,x
67,an
67,ab
67,al
67,y
67,d
67,m
67,o
67,n
68,g
68,a
68,b
68,y
68,d
68,o
68,n
68,u
68,m
69,l
69,q
69,b
69,x
69,u
69,ab
69,an
69,al
69,h
69,p
69,e
70,b
70,u
70,g
70,l
70,q
70,an
70,x
70,z
70,al
70,aa
70,e
70,s
70,ai
70,t
71,a
71,f
71,j
71,i
71,av
71,v
71,ap
71,af
71,ad
71,e
71,s
71,ai
71,t
72,f
72,l
72,i
72,q
72,an
72,as
72,ab
72,ad
72,x
72,al
72,aq
72,c
72,ar
72,e
72,s
72,ai
72,t
76,av
76,l
76,f
76,i
76,ad
76,q
76,z
76,x
76,an
76,al
76,am
76,ao
76,e
76,s
76,ai
76,t
77,as
77,l
77,i
77,f
77,q
77,z
77,ad
77,an
77,x
77,al
77,aa
77,e
77,s
77,ai
77,t
78,as
78,i
78,ad
78,l
78,f
78,q
78,x
78,an
78,z
78,al
78,j
78,af
78,ap
78,v
78,e
78,s
78,ai
78,t
79,as
79,i
79,l
79,f
79,q
79,x
79,ad
79,ab
79,an
79,al
79,ac
79,e
79,s
79,ai
79,t
80,b
80,l
80,q
80,u
80,an
80,x
80,al
80,ab
80,g
80,aa
80,d
80,o
80,ak
80,m
80,w
80,ag
82,i
82,f
82,a
82,as
82,aa
82,ad
82,d
82,au
82,w
82,o
82,ag
83,b
83,u
83,a
83,aa
83,d
83,au
83,m
83,w
83,o
83,ag
84,f
84,a
84,i
84,av
84,ad
84,c
84,aq
84,ar
84,d
84,o
84,au
84,w
84,ag
87,as
87,l
87,f
87,i
87,ad
87,q
87,ab
87,an
87,x
87,al
87,r
87,am
87,d
87,ak
87,m
87,w
87,o
87,ag
88,l
88,b
88,u
88,q
88,ab
88,an
88,x
88,al
88,ao
88,am
88,e
88,s
88,at
88,t
89,f
89,as
89,l
89,i
89,q
89,x
89,an
89,al
89,z
89,ad
89,j
89,v
89,ap
89,af
89,d
89,m
89,n
89,o
90,b
90,k
90,a
90,u
90,h
90,p
90,d
90,ak
90,o
90,w
90,ag
91,b
91,u
91,l
91,q
91,an
91,x
91,z
91,al
91,ae
91,d
91,m
91,n
91,o
93,l
93,q
93,aj
93,z
93,b
93,an
93,x
93,u
93,al
93,ae
93,d
93,w
93,o
93,ak
93,m
93,ag
94,l
94,b
94,q
94,x
94,an
94,u
94,z
94,al
94,h
94,p
94,e
94,s
94,at
94,t
95,l
95,f
95,i
95,as
95,ad
95,q
95,z
95,an
95,x
95,al
95,ao
95,am
95,e
95,s
95,ai
95,t
96,i
96,ad
96,av
96,f
96,l
96,q
96,an
96,ab
96,x
96,al
96,ae
96,d
96,n
96,o
97,f
97,l
97,i
97,as
97,q
97,an
97,ad
97,z
97,x
97,al
97,y
97,d
97,o
98,f
98,as
98,i
98,ad
98,l
98,q
98,an
98,ab
98,x
98,al
98,j
98,af
98,v
98,ap
98,d
98,ak
98,m
98,w
98,o
98,ag
101,av
101,i
101,ad
101,l
101,f
101,q
101,x
101,ab
101,an
101,al
101,aa
101,d
101,o
101,au
101,w
101,ag
102,a
102,aa
102,f
102,d
102,as
102,i
102,ad
102,o
102,n
102,m
104,g
104,a
104,b
104,ac
104,e
104,s
104,u
104,at
104,t
105,av
105,f
105,i
105,a
105,ad
105,e
105,s
105,ai
105,t
106,b
106,u
106,aj
106,a
106,ac
106,e
106,s
106,at
106,t
107,f
107,i
107,ad
107,l
107,as
107,q
107,ab
107,an
107,x
107,al
107,ae
107,d
107,ak
107,w
107,ag
107,o
109,i
109,ad
109,f
109,as
109,a
109,c
109,aq
109,ar
109,d
109,n
109,o
110,f
110,l
110,q
110,x
110,av
110,i
110,ab
110,ad
110,an
110,al
110,ah
110,ao
110,d
110,w
110,o
110,au
110,ag
111,f
111,i
111,ad
111,as
111,a
111,aa
111,d
111,n
111,m
111,o
112,l
112,b
112,q
112,ab
112,x
112,an
112,u
112,al
112,aa
112,d
112,w
112,o
112,au
112,ag
113,b
113,g
113,l
113,q
113,u
113,ab
113,x
113,an
113,al
113,r
113,ah
113,d
113,o
116,i
116,ad
116,f
116,l
116,as
116,q
116,an
116,z
116,x
116,al
116,h
116,p
116,d
116,n
116,o
117,a
117,b
117,ao
117,k
117,am
117,u
117,d
117,o
117,m
118,b
118,l
118,q
118,u
118,z
118,x
118,an
118,al
118,ae
118,e
118,s
118,ai
118,t
119,b
119,a
119,u
119,y
119,d
119,m
119,o
120,av
120,f
120,l
120,i
120,ad
120,q
120,x
120,an
120,ab
120,al
120,ae
120,d
120,w
120,au
120,ag
120,m
120,o
121,aj
121,l
121,b
121,u
121,q
121,z
121,an
121,x
121,al
121,r
121,ah
121,e
121,s
121,ai
121,t
122,g
122,b
122,a
122,ae
122,u
124,l
124,i
124,q
124,av
124,f
124,ad
124,x
124,an
124,z
124,al
124,ao
124,ah
124,e
124,s
124,at
124,t
125,i
125,ad
125,a
125,av
125,f
125,h
125,p
125,d
125,o
125,w
125,ak
125,ag
126,aj
126,l
126,b
126,q
126,ab
126,u
126,an
126,x
126,al
126,h
126,p
126,e
126,s
126,at
126,t
129,l
129,q
129,x
129,an
129,b
129,u
129,z
129,al
129,aa
129,d
129,m
129,o
130,a
130,b
130,r
130,am
130,u
130,e
130,s
130,ai
130,t
131,i
131,f
131,a
131,ad
131,as
131,j
131,v
131,ap
131,af
131,e
131,s
131,ai
131,t
132,l
132,b
132,aj
132,q
132,u
132,an
132,z
132,x
132,al
132,aa
132,e
132,s
132,at
132,t
133,l
133,q
133,av
133,x
133,i
133,f
133,an
133,z
133,ad
133,al
133,h
133,p
133,e
133,s
133,ai
133,t
134,i
134,a
134,aq
134,ar
134,f
134,ad
134,av
134,c
134,d
134,au
134,o
134,w
134,ag
136,b
136,a
136,u
136,e
136,s
136,ai
136,t
137,b
137,a
137,g
137,aa
137,u
137,d
137,o
137,m
138,i
138,ad
138,av
138,a
138,j
138,f
138,v
138,ap
138,af
138,d
138,m
138,n
138,o
139,av
139,l
139,i
139,f
139,q
139,ad
139,z
139,x
139,an
139,al
139,ae
139,e
139,s
139,at
139,t
141,f
141,a
141,as
141,i
141,ac
141,d
141,o
141,ak
141,w
141,ad
141,ag
142,i
142,av
142,f
142,l
142,ad
142,q
142,x
142,an
142,al
142,ab
142,y
142,d
142,o
142,n
142,m
144,av
144,a
144,i
144,c
144,aq
144,f
144,ad
144,ar
144,d
144,o
144,m
145,l
145,b
145,u
145,q
145,an
145,z
145,x
145,al
145,j
145,v
145,af
145,ap
145,e
145,s
145,at
145,t
146,l
146,aj
146,b
146,q
146,an
146,u
146,x
146,z
146,al
146,y
146,d
146,n
146,o
147,b
147,u
147,l
147,q
147,x
147,g
147,an
147,ab
147,al
147,h
147,p
147,e
147,s
147,at
147,t
148,b
148,u
148,aj
148,l
148,q
148,an
148,ab
148,x
148,al
148,h
148,p
148,d
148,o
148,n
149,i
149,av
149,a
149,ad
149,f
149,ac
149,e
149,s
149,at
149,t
150,i
150,ad
150,a
150,f
150,av
150,aa
150,e
150,s
150,at
150,t
152,f
152,l
152,av
152,i
152,q
152,ad
152,an
152,x
152,al
152,z
152,ac
152,e
152,s
152,at
152,t
154,aj
154,b
154,a
154,ae
154,u
154,e
154,s
154,ai
154,t
155,g
155,a
155,b
155,d
155,o
155,u
156,l
156,b
156,q
156,aj
156,x
156,z
156,u
156,an
156,al
156,c
156,aq
156,ar
156,d
156,o
156,w
156,m
156,ak
156,ag
157,b
157,a
157,aj
157,j
157,u
157,af
158,f
158,as
158,a
158,i
158,ad
158,am
158,ao
158,d
159,b
159,a
159,u
159,y
159,e
159,s
159,at
159,t
160,as
160,f
160,i
160,l
160,q
160,ad
160,an
160,ab
160,x
160,al
160,h
160,p
160,e
160,s
160,ai
160,t
161,i
161,av
161,ad
161,l
161,f
161,q
161,z
161,x
161,an
161,al
161,e
161,s
161,at
161,t
162,aj
162,a
162,b
162,aq
162,u
162,c
162,ar
162,d
162,w
162,o
162,au
162,ag
163,a
163,aj
163,d
163,b
163,u
163,o
163,w
163,au
163,ag
164,g
164,a
164,b
164,j
164,u
164,v
164,ap
164,af
164,e
164,s
164,ai
164,t
165,av
165,i
165,f
165,a
165,ad
165,e
165,s
165,at
165,t
166,b
166,a
166,u
166,e
166,s
166,at
166,t
167,f
167,i
167,ad
167,as
167,a
167,ac
167,d
167,m
167,o
169,av
169,i
169,f
169,l
169,q
169,ad
169,x
169,ab
169,an
169,al
169,ac
169,e
169,s
169,ai
169,t
170,l
170,aj
170,b
170,q
170,z
170,an
170,u
170,x
170,al
170,ah
170,r
170,e
170,s
170,ai
170,t
171,f
171,l
171,q
171,av
171,z
171,i
171,x
171,an
171,ad
171,al
171,y
171,d
171,o
171,n
172,b
172,l
172,u
172,q
172,x
172,an
172,z
172,al
172,j
172,af
172,v
172,ap
172,d
172,m
172,n
172,o
173,b
173,u
173,a
173,aa
173,aj
173,e
173,s
173,ai
174,i
174,as
174,f
174,l
174,ad
174,q
174,an
174,x
174,al
174,z
174,aa
174,d
174,n
174,o
175,aj
175,l
175,b
175,q
175,u
175,z
175,x
175,an
175,al
175,d
175,au
175,m
175,w
175,o
176,b
176,l
176,u
176,q
176,z
176,k
176,x
176,an
176,al
176,ae
176,e
176,s
176,ai
176,t
177,b
177,a
177,u
177,aj
177,h
177,p
177,d
177,n
177,o
179,k
179,b
179,l
179,u
179,q
179,x
179,an
179,ab
179,al
179,e
179,s
179,ai
179,t
180,b
180,a
180,c
180,u
180,aq
180,ar
180,d
180,m
180,n
183,b
183,u
183,a
183,ae
183,e
183,s
183,ai
183,t
184,k
184,b
184,u
184,a
184,j
184,ap
184,v
184,af
184,e
184,s
184,ai
184,t
186,f
186,i
186,a
186,av
186,r
186,ah
186,ad
186,e
186,s
186,ai
186,t
188,l
188,f
188,q
188,i
188,an
188,x
188,al
188,as
188,ad
188,z
188,j
188,af
188,v
188,ap
188,e
188,s
188,ai
188,t
189,f
189,i
189,ad
189,a
189,as
189,c
189,aq
189,ar
189,d
189,w
189,o
189,au
189,m
189,ag
190,g
190,b
190,a
190,u
190,d
190,o
190,n
191,aj
191,b
191,u
191,a
191,aa
191,e
191,s
191,ai
191,t
193,i
193,a
193,f
193,ad
193,as
193,h
193,p
193,d
193,o
194,f
194,i
194,av
194,l
194,q
194,an
194,ad
194,z
194,x
194,al
194,r
194,am
194,d
194,o
194,n
196,l
196,q
196,x
196,an
196,ab
196,av
196,al
196,i
196,f
196,y
196,ad
196,d
196,ak
196,w
196,ag
196,o
197,g
197,b
197,u
197,a
197,aa
197,e
197,s
197,at
197,t
199,i
199,a
199,r
199,ah
199,e
199,as
199,ad
199,f
199,s
199,ai
199,t
200,f
200,i
200,as
200,l
200,ad
200,q
200,z
200,x
200,an
200,al
200,r
200,am
200,e
200,s
200,ai
200,t
201,i
201,f
201,ad
201,as
201,l
201,q
201,x
201,an
201,al
201,ab
201,y
201,e
201,s
201,at
201,t
202,av
202,l
202,q
202,i
202,f
202,ad
202,x
202,an
202,ab
202,al
202,d
202,o
203,l
203,q
203,as
203,f
203,an
203,i
203,x
203,ab
203,ad
203,al
203,ao
203,am
203,d
203,o
203,m
204,f
204,a
204,av
204,d
204,i
204,ad
204,m
204,o
205,b
205,aj
205,a
205,u
205,ah
205,ao
205,d
205,o
206,b
206,aj
206,a
206,h
206,u
206,p
206,d
206,o
206,w
206,ak
206,ag
207,b
207,l
207,u
207,q
207,x
207,z
207,an
207,al
207,aa
207,e
207,s
207,ai
207,t
208,b
208,a
208,ae
208,d
208,ak
208,w
208,aj
208,u
208,m
208,o
208,ag
209,b
209,u
209,l
209,g
209,q
209,ab
209,an
209,x
209,al
209,h
209,p
209,d
209,w
209,au
209,ag
209,o
210,g
210,a
210,b
210,r
210,am
210,u
210,e
210,s
210,at
210,t
211,l
211,aj
211,q
211,b
211,x
211,u
211,z
211,an
211,al
211,h
211,p
211,d
211,ak
211,o
211,m
211,w
211,ag
212,l
212,i
212,f
212,as
212,q
212,ad
212,ab
212,x
212,an
212,al
212,aa
212,d
212,o
212,n
213,b
213,u
213,k
213,a
213,aa
213,d
213,n
214,a
214,h
214,p
214,av
214,i
214,f
214,ad
214,e
214,s
214,ai
214,t
215,a
215,b
215,ae
215,u
215,d
215,au
215,m
215,o
215,w
215,ag
216,i
216,as
216,a
216,f
216,ad
216,ac
216,e
216,s
217,l
217,q
217,x
217,i
217,an
217,as
217,z
217,f
217,ad
217,al
217,j
217,af
217,ap
217,v
217,e
217,s
217,ai
217,t
218,av
218,a
218,f
218,i
218,j
218,af
218,ad
218,v
218,ap
218,d
218,m
218,o
219,i
219,av
219,f
219,l
219,q
219,ad
219,z
219,an
219,x
219,al
219,h
219,p
219,e
219,s
219,ai
219,t
220,a
220,b
220,aj
220,c
220,aq
220,u
220,ar
220,e
221,b
221,a
221,g
221,u
221,e
221,s
221,ai
221,t
222,as
222,i
222,f
222,a
222,ad
222,j
222,v
222,af
222,ap
222,e
222,s
222,at
222,t
224,a
224,f
224,i
224,ad
224,av
224,ac
224,d
224,ak
224,w
224,ag
224,o
228,a
228,as
228,h
228,i
228,ad
228,f
228,p
228,e
228,s
228,ai
228,t
229,i
229,av
229,f
229,ad
229,l
229,q
229,ab
229,an
229,x
229,al
229,aa
229,e
229,s
229,at
229,t
230,l
230,q
230,an
230,z
230,f
230,i
230,as
230,ad
230,x
230,al
230,y
230,d
230,n
230,m
230,o
231,b
231,u
231,aj
231,a
231,ae
231,e
231,s
231,ai
231,t
232,a
232,d
232,w
232,o
232,b
232,u
232,au
232,ag
233,k
233,l
233,b
233,q
233,x
233,u
233,an
233,z
233,al
233,aa
233,e
233,s
233,at
233,t
235,a
235,b
235,aa
235,k
235,e
235,u
235,s
235,at
235,t
236,l
236,aj
236,b
236,u
236,q
236,z
236,an
236,x
236,al
236,y
236,e
236,s
236,ai
236,t
238,f
238,av
238,l
238,q
238,i
238,x
238,ad
238,an
238,z
238,al
238,h
238,p
238,e
238,s
238,at
238,t
239,a
239,i
239,ad
239,av
239,aa
239,f
239,d
239,ak
239,w
239,o
239,ag
240,b
240,a
240,u
240,aj
240,e
240,s
240,at
240,t
241,b
241,aj
241,u
241,a
241,c
241,aq
241,ar
241,d
241,o
241,n
242,a
242,f
242,h
242,av
242,i
242,ad
242,p
242,e
242,s
242,at
242,t
243,a
243,as
243,f
243,aa
243,e
243,i
243,ad
243,s
243,at
243,t
244,i
244,l
244,q
244,f
244,as
244,an
244,ad
244,z
244,x
244,al
244,ac
244,d
244,o
245,a
245,r
245,aj
245,b
245,am
245,e
245,u
245,s
245,at
245,t
246,f
246,a
246,h
246,av
246,i
246,p
246,ad
246,e
246,s
246,ai
246,t
248,av
248,i
248,f
248,a
248,ah
248,ad
248,ao
248,d
248,w
248,au
248,o
248,ag
249,l
249,f
249,q
249,x
249,i
249,ab
249,as
249,an
249,ad
249,al
249,y
249,d
249,o
250,a
250,k
250,b
250,ae
250,d
250,u
250,ak
250,w
250,m
250,ag
250,o
251,b
251,a
251,k
251,u
251,am
251,r
251,e
251,s
251,at
251,t
252,k
252,b
252,u
252,l
252,q
252,z
252,an
252,x
252,al
252,c
252,aq
252,ar
252,d
252,m
252,n
252,o
253,i
253,a
253,as
253,aa
253,f
253,d
253,ad
253,o
254,f
254,as
254,i
254,l
254,q
254,z
254,ad
254,an
254,x
254,al
254,y
254,e
254,s
254,at
254,t
256,l
256,b
256,q
256,x
256,u
256,an
256,al
256,z
256,y
256,d
256,o
257,l
257,q
257,b
257,z
257,x
257,an
257,u
257,al
257,ac
257,d
257,m
257,o
257,w
257,au
258,a
258,aq
258,g
258,ar
258,c
258,b
258,u
258,e
258,s
258,ai
258,t
259,l
259,q
259,aj
259,x
259,b
259,an
259,u
259,ab
259,al
259,d
259,n
259,o
259,m
260,b
260,k
260,a
260,ae
260,u
260,e
260,s
260,at
260,t
261,b
261,u
261,g
261,l
261,q
261,ab
261,an
261,x
261,al
261,aa
261,e
261,s
261,at
261,t
262,k
262,l
262,b
262,u
262,q
262,ab
262,x
262,an
262,al
262,ac
262,e
262,s
262,ai
262,t
264,b
264,aj
264,l
264,u
264,q
264,x
264,an
264,ab
264,al
264,y
264,d
264,m
264,o
264,n
265,g
265,b
265,l
265,u
265,q
265,z
265,x
265,an
265,al
265,aq
265,ar
265,c
265,e
265,s
265,ai
265,t
267,b
267,l
267,aj
267,u
267,q
267,x
267,ab
267,an
267,al
267,ah
267,ao
267,e
267,s
267,ai
267,t
268,aj
268,a
268,ao
268,b
268,ah
268,d
268,w
268,u
268,o
268,ak
268,ag
269,l
269,g
269,q
269,an
269,b
269,x
269,al
269,ab
269,u
269,c
269,aq
269,ar
269,e
269,s
270,as
270,i
270,f
270,l
270,ad
270,q
270,an
270,x
270,ab
270,al
270,ae
270,d
270,n
270,o
273,b
273,k
273,l
273,u
273,q
273,an
273,x
273,z
273,al
273,c
273,aq
273,ar
273,d
273,m
273,o
273,w
273,au
273,ag
274,f
274,l
274,as
274,q
274,i
274,ad
274,z
274,an
274,x
274,al
274,y
274,e
274,s
274,ai
274,t
277,as
277,f
277,i
277,a
277,ae
277,ad
277,e
277,s
277,at
277,t
279,as
279,a
279,f
279,i
279,ad
279,e
279,s
279,ai
279,t
280,a
280,f
280,h
280,av
280,i
280,p
280,ad
280,d
280,o
281,av
281,f
281,a
281,h
281,p
281,i
281,e
281,s
281,at
281,ad
281,t
284,i
284,as
284,ad
284,l
284,f
284,q
284,x
284,z
284,an
284,al
284,ae
284,d
284,n
284,o
284,m
286,b
286,a
286,u
286,ah
286,r
286,e
286,s
286,ai
286,t
287,f
287,a
287,i
287,as
287,j
287,v
287,ad
287,ap
287,af
287,e
287,s
287,at
287,t
288,i
288,ad
288,av
288,l
288,f
288,q
288,an
288,x
288,ab
288,al
288,h
288,p
288,d
288,m
288,o
288,w
288,ak
288,ag
289,a
289,j
289,aj
289,af
289,b
289,ap
289,u
289,v
289,e
289,s
289,at
289,t
290,a
290,g
290,j
290,af
290,b
290,v
290,u
290,ap
290,d
290,m
290,n
290,o
291,i
291,l
291,f
291,q
291,x
291,as
291,ab
291,ad
291,an
291,al
291,e
291,s
291,at
291,t
292,a
292,c
292,f
292,i
292,as
292,aq
292,ar
292,ad
292,e
292,s
292,ai
292,t
293,i
293,ad
293,av
293,a
293,f
293,e
293,s
293,at
293,t
294,f
294,a
294,i
294,ad
294,as
294,j
294,af
294,ap
294,v
294,e
294,s
294,at
294,t
295,f
295,l
295,q
295,i
295,av
295,x
295,ad
295,an
295,ab
295,al
295,c
295,aq
295,ar
295,d
295,w
295,au
295,o
296,as
296,f
296,a
296,i
296,ad
296,d
296,m
296,o
296,n
297,b
297,a
297,k
297,u
297,h
297,p
297,d
297,m
297,n
297,o
298,aj
298,a
298,b
298,u
298,d
298,au
298,w
298,o
298,ag
299,a
299,g
299,b
299,u
299,y
299,e
299,s
299,at
299,t
300,l
300,q
300,z
300,b
300,an
300,x
300,al
300,u
300,y
300,e
300,s
300,ai
300,t
301,g
301,a
301,b
301,h
301,u
301,p
301,d
301,o
301,ak
301,w
301,ag
302,a
302,ac
302,b
302,k
302,u
302,e
302,s
302,ai
302,t
303,f
303,i
303,as
303,ad
303,a
303,ae
303,e
303,s
303,ai
303,t
304,l
304,b
304,q
304,ab
304,x
304,u
304,an
304,al
304,ac
304,d
304,w
304,o
304,ak
304,ag
305,i
305,f
305,ad
305,as
305,a
305,r
305,am
305,e
305,s
305,at
305,t
309,l
309,q
309,b
309,u
309,an
309,k
309,z
309,x
309,al
309,r
309,am
309,e
309,s
309,at
309,t
310,i
310,f
310,as
310,ad
310,l
310,q
310,ab
310,an
310,x
310,al
310,d
310,n
310,o
311,g
311,b
311,l
311,u
311,q
311,ab
311,an
311,x
311,al
311,ac
311,d
311,w
311,o
311,m
311,ak
311,ag
313,b
313,k
313,u
313,l
313,q
313,an
313,ab
313,x
313,al
313,e
313,s
313,ai
313,t
314,l
314,b
314,u
314,k
314,q
314,an
314,x
314,ab
314,al
314,e
314,s
314,at
314,t
316,b
316,l
316,u
316,q
316,x
316,z
316,an
316,al
316,y
316,d
316,ak
316,w
316,o
316,ag
317,f
317,i
317,ad
317,av
317,l
317,q
317,x
317,z
317,an
317,al
317,h
317,p
317,d
317,n
317,o
317,m
318,b
318,u
318,aj
318,l
318,q
318,an
318,z
318,x
318,al
318,aa
318,d
318,o
318,au
318,w
318,ag
320,f
320,as
320,i
320,l
320,ad
320,q
320,ab
320,x
320,an
320,al
320,h
320,p
320,e
320,s
320,at
320,t
322,b
322,l
322,u
322,q
322,x
322,ab
322,an
322,al
322,aa
322,d
322,w
322,ak
322,ag
322,o
323,as
323,i
323,a
323,ad
323,ac
323,e
323,f
323,s
323,ai
323,t
324,as
324,i
324,f
324,l
324,ad
324,q
324,z
324,an
324,x
324,al
324,ae
324,d
324,o
324,ak
324,w
325,av
325,i
325,ad
325,l
325,f
325,q
325,z
325,an
325,x
325,al
325,r
325,ah
325,d
325,n
325,o
327,f
327,i
327,ad
327,as
327,l
327,q
327,an
327,z
327,x
327,al
327,c
327,aq
327,ar
327,d
327,m
327,n
327,o
328,k
328,b
328,l
328,q
328,z
328,u
328,an
328,x
328,al
328,j
328,v
328,af
328,ap
328,e
328,s
328,ai
328,t
331,aj
331,b
331,l
331,u
331,q
331,x
331,an
331,ab
331,al
331,aa
331,d
331,w
331,au
331,o
331,m
331,ag
332,f
332,i
332,a
332,e
332,as
332,s
332,ad
332,ai
332,t
333,i
333,ad
333,av
333,l
333,f
333,q
333,ab
333,an
333,x
333,al
333,ac
333,d
333,o
333,n
334,as
334,a
334,f
334,h
334,i
334,p
334,d
334,o
334,ad
335,b
335,l
335,q
335,u
335,x
335,ab
335,an
335,al
335,ah
335,r
335,d
335,w
335,o
335,m
335,au
335,ag
336,l
336,b
336,q
336,x
336,z
336,u
336,an
336,al
336,aa
336,e
336,s
336,ai
336,t
337,b
337,a
337,g
337,aa
337,u
337,d
337,o
337,n
339,a
339,i
339,r
339,am
339,e
339,av
339,ad
339,f
339,s
339,at
339,t
340,as
340,f
340,a
340,ah
340,i
340,ad
340,r
340,d
340,m
340,o
340,n
341,b
341,l
341,u
341,q
341,x
341,an
341,al
341,z
341,ac
341,e
341,s
341,at
341,t
343,i
343,as
343,ad
343,a
343,f
343,c
343,aq
343,ar
343,e
343,s
345,as
345,l
345,f
345,i
345,q
345,an
345,x
345,ab
345,al
345,ad
345,aa
345,e
345,s
345,ai
345,t
346,b
346,l
346,q
346,u
346,z
346,x
346,an
346,al
346,h
346,p
346,e
346,s
346,at
346,t
347,a
347,i
347,ad
347,as
347,f
347,ae
347,d
347,w
347,ak
347,ag
347,o
350,i
350,f
350,ad
350,a
350,as
350,c
350,aq
350,ar
350,e
350,s
350,at
350,t
351,l
351,aj
351,b
351,q
351,x
351,u
351,an
351,ab
351,al
351,e
351,s
351,ai
351,t
352,l
352,i
352,ad
352,av
352,f
352,q
352,x
352,z
352,an
352,al
352,aq
352,c
352,ar
353,as
353,f
353,i
353,a
353,ad
353,ac
353,d
353,o
353,n
355,aj
355,b
355,a
355,j
355,ap
355,af
355,v
355,u
355,e
355,s
355,at
355,t
356,f
356,i
356,a
356,ad
356,as
356,h
356,p
356,d
356,ak
356,w
356,o
356,ag
357,i
357,ad
357,av
357,f
357,l
357,q
357,x
357,ab
357,an
357,al
357,aa
357,d
357,ak
357,m
357,o
357,w
357,ag
358,f
358,i
358,l
358,av
358,ad
358,q
358,an
358,z
358,x
358,al
358,h
358,p
358,d
358,m
358,o
359,a
359,ae
359,aj
359,e
359,b
359,s
359,u
359,ai
359,t
361,a
361,av
361,i
361,f
361,ad
361,d
361,o
361,n
361,m
362,aj
362,a
362,y
362,b
362,e
362,u
362,s
362,at
362,t
364,av
364,f
364,l
364,i
364,q
364,ad
364,x
364,z
364,an
364,al
364,h
364,p
364,e
364,s
364,ai
364,t
365,l
365,b
365,u
365,q
365,an
365,k
365,z
365,x
365,al
365,y
365,d
365,o
365,m
366,i
366,a
366,av
366,f
366,y
366,ad
366,e
366,s
366,at
366,t
367,as
367,i
367,f
367,l
367,q
367,ad
367,z
367,x
367,an
367,al
367,h
367,p
367,d
367,o
367,m
368,a
368,k
368,b
368,ac
368,u
368,e
368,s
368,ai
368,t
369,b
369,l
369,q
369,u
369,x
369,an
369,ab
369,al
369,y
369,e
369,s
369,ai
369,t
371,as
371,f
371,i
371,ad
371,l
371,q
371,ab
371,an
371,x
371,al
371,c
371,aq
371,ar
371,e
371,s
371,ai
371,t
372,b
372,l
372,u
372,q
372,x
372,z
372,an
372,al
372,aa
372,d
372,w
372,o
372,m
372,ak
372,ag
373,as
373,f
373,i
373,ad
373,l
373,q
373,an
373,x
373,ab
373,al
373,ac
373,e
373,s
373,ai
373,t
374,b
374,aj
374,u
374,a
374,e
374,s
374,ai
374,t
375,f
375,i
375,l
375,av
375,q
375,z
375,x
375,an
375,ad
375,al
375,aq
375,ar
375,c
375,d
375,n
375,o
375,m
376,aj
376,b
376,l
376,u
376,q
376,ab
376,x
376,an
376,al
376,aq
376,c
376,ar
376,e
376,s
376,ai
376,t
377,a
377,i
377,f
377,ad
377,as
377,ae
377,d
377,au
377,o
377,w
377,ag
379,i
379,a
379,av
379,c
379,aq
379,f
379,ad
379,ar
379,e
379,s
379,ai
379,t
380,g
380,b
380,u
380,a
380,ao
380,am
380,e
380,s
380,ai
380,t
381,b
381,a
381,aj
381,u
381,am
381,r
381,e
381,s
381,at
381,t
382,a
382,av
382,aq
382,i
382,f
382,c
382,ar
382,ad
382,e
382,s
382,at
382,t
383,i
383,f
383,ad
383,a
383,av
383,ac
383,e
383,s
383,at
383,t
384,k
384,b
384,a
384,j
384,v
384,u
384,ap
384,af
384,d
384,m
384,o
384,n
386,f
386,a
386,av
386,i
386,ad
386,e
386,s
386,at
386,t
387,a
387,f
387,i
387,as
387,ad
387,d
387,o
387,w
387,ak
387,ag
388,b
388,u
388,g
388,a
388,r
388,ah
388,d
388,n
388,o
389,l
389,av
389,q
389,i
389,f
389,an
389,ad
389,ab
389,x
389,al
389,ah
389,r
389,e
389,s
389,ai
389,t
390,b
390,a
390,u
390,e
390,s
390,ai
390,t
394,b
394,u
394,a
394,ao
394,ah
394,e
394,s
394,at
395,b
395,aj
395,a
395,u
395,d
395,m
395,o
396,as
396,f
396,i
396,l
396,q
396,an
396,ad
396,x
396,ab
396,al
396,ac
396,e
396,s
396,ai
396,t
397,av
397,a
397,j
397,af
397,f
397,i
397,ad
397,v
397,ap
397,e
397,s
397,ai
397,t
398,i
398,a
398,f
398,as
398,ad
398,y
398,d
398,o
399,as
399,i
399,ad
399,f
399,a
399,j
399,af
399,ap
399,v
399,e
399,s
399,at
399,t
401,b
401,u
401,a
401,g
401,r
401,am
401,e
401,s
401,ai
401,t
402,f
402,as
402,l
402,i
402,ad
402,q
402,ab
402,an
402,x
402,al
402,e
402,s
402,at
402,t
403,a
403,ae
403,i
403,f
403,d
403,ad
403,o
403,w
403,av
403,ak
403,ag
404,as
404,f
404,l
404,i
404,q
404,z
404,an
404,x
404,ad
404,al
404,y
404,e
404,s
404,at
404,t
405,a
405,i
405,f
405,as
405,ae
405,e
405,ad
405,s
405,at
405,t
406,b
406,a
406,u
406,aa
406,d
406,n
406,o
407,b
407,l
407,u
407,q
407,an
407,x
407,ab
407,al
407,e
407,s
407,ai
407,t
408,a
408,g
408,b
408,aa
408,u
408,e
408,s
408,at
408,t
409,l
409,q
409,an
409,z
409,b
409,x
409,al
409,u
409,ah
409,r
409,d
409,m
409,o
410,as
410,i
410,l
410,f
410,ad
410,q
410,x
410,an
410,z
410,al
410,h
410,p
410,e
410,s
410,at
410,t
411,l
411,k
411,b
411,q
411,ab
411,u
411,an
411,x
411,al
411,e
411,s
411,ai
411,t
412,f
412,i
412,av
412,l
412,q
412,z
412,ad
412,x
412,an
412,al
412,e
412,s
412,at
412,t
413,f
413,i
413,as
413,l
413,q
413,ad
413,x
413,z
413,an
413,al
413,ao
413,ah
413,e
413,s
413,ai
413,t
414,b
414,u
414,a
414,aj
414,ah
414,ao
414,e
414,s
414,at
414,t
415,a
415,k
415,aq
415,b
415,c
415,u
415,ar
415,d
415,n
415,o
416,a
416,c
416,b
416,aq
416,u
416,ar
416,d
416,n
416,m
416,o
417,i
417,f
417,l
417,av
417,q
417,z
417,ad
417,x
417,an
417,al
417,ah
417,r
417,d
417,ak
418,k
418,b
418,u
418,a
418,r
418,am
418,e
418,s
418,ai
418,t
419,g
419,a
419,b
419,y
419,e
419,s
419,u
419,at
419,t
420,l
420,i
420,ad
420,f
420,as
420,q
420,ab
420,x
420,an
420,al
420,ae
420,e
420,s
420,at
420,t
421,b
421,aj
421,u
421,a
421,y
421,e
421,s
421,at
421,t
424,g
424,a
424,b
424,y
424,u
424,e
424,s
424,at
424,t
425,av
425,i
425,a
425,ad
425,f
425,h
425,p
425,d
425,m
425,o
426,i
426,a
426,c
426,f
426,aq
426,ar
426,ad
426,av
426,e
426,s
426,ai
426,t
427,l
427,b
427,k
427,u
427,q
427,z
427,an
427,x
427,al
427,j
427,ap
427,af
427,v
427,e
427,s
427,at
427,t
428,i
428,as
428,ad
428,f
428,a
428,d
428,n
428,o
428,m
429,f
429,a
429,y
429,av
429,i
429,d
429,ad
429,w
429,ak
429,ag
430,i
430,as
430,f
430,a
430,r
430,ad
430,am
430,e
430,s
430,at
430,t
431,aj
431,a
431,aa
431,d
431,b
431,n
431,o
431,u
432,a
432,k
432,b
432,ah
432,ao
432,u
432,e
432,s
432,ai
432,t
433,as
433,i
433,f
433,a
433,ad
433,y
433,e
433,s
433,at
433,t
434,av
434,i
434,ad
434,f
434,a
434,aa
434,e
434,s
434,ai
434,t
435,b
435,u
435,l
435,q
435,ab
435,x
435,an
435,al
435,h
435,p
435,e
435,s
435,ai
435,t
436,b
436,a
436,aa
436,u
436,e
436,s
436,ai
436,t
438,g
438,l
438,b
438,q
438,u
438,x
438,ab
438,an
438,al
438,e
438,s
438,at
438,t
439,b
439,aj
439,a
439,ac
439,u
439,d
439,ak
439,w
439,o
439,m
439,ag
440,b
440,u
440,a
440,d
440,w
440,o
440,au
440,ag
441,g
441,b
441,l
441,q
441,x
441,ab
441,u
441,an
441,al
441,ac
441,d
441,ak
441,w
441,o
441,m
441,ag
442,b
442,g
442,u
442,a
442,c
442,aq
442,ar
442,d
442,n
442,o
443,f
443,a
443,i
443,av
443,ad
443,ae
443,d
443,o
443,w
443,m
443,ak
443,ag
444,b
444,l
444,k
444,u
444,q
444,an
444,ab
444,x
444,al
444,j
444,ap
444,v
444,af
444,e
444,s
444,ai
444,t
445,i
445,ad
445,a
445,f
445,as
445,aa
445,e
445,s
445,at
445,t
447,f
447,l
447,av
447,i
447,ad
447,q
447,z
447,x
447,an
447,al
447,ao
447,am
447,d
447,o
447,au
447,w
447,ag
449,k
449,a
449,b
449,c
449,aq
449,u
449,ar
449,d
449,o
449,n
449,m
450,a
450,k
450,ae
450,b
450,u
450,e
450,s
450,ai
450,t
452,b
452,a
452,u
452,g
452,e
452,s
452,ai
452,t
453,l
453,i
453,as
453,q
453,ad
453,f
453,z
453,an
453,x
453,al
453,ac
453,d
453,o
453,n
454,f
454,i
454,ad
454,av
454,a
454,ao
454,ah
454,e
454,s
454,ai
454,t
456,k
456,b
456,l
456,q
456,u
456,an
456,x
456,z
456,al
456,ae
456,e
456,s
456,ai
456,t
457,i
457,av
457,f
457,l
457,ad
457,q
457,z
457,x
457,an
457,al
457,am
457,ao
457,e
457,s
457,ai
457,t
458,l
458,q
458,f
458,an
458,as
458,i
458,ad
458,z
458,x
458,al
458,ac
458,e
458,s
458,at
458,t
459,a
459,aj
459,ac
459,b
459,d
459,m
459,u
459,o
460,b
460,u
460,a
460,e
460,s
460,at
460,t
461,av
461,a
461,f
461,i
461,ad
461,h
461,p
461,e
461,s
461,at
461,t
464,b
464,u
464,l
464,q
464,aj
464,x
464,an
464,z
464,al
464,j
464,ap
464,v
464,af
464,e
464,s
464,at
464,t
465,g
465,b
465,a
465,u
465,h
465,p
465,e
465,s
465,ai
465,t
467,a
467,i
467,ac
467,as
467,f
467,ad
467,e
467,s
467,at
467,t
468,l
468,f
468,as
468,q
468,i
468,ad
468,z
468,an
468,x
468,al
468,r
468,ah
468,d
468,w
469,l
469,q
469,as
469,an
469,i
469,x
469,f
469,ab
469,al
469,ad
469,c
469,aq
469,ar
469,e
469,s
469,at
469,t
471,l
471,b
471,u
471,q
471,z
471,x
471,an
471,al
471,ah
471,r
471,e
471,s
471,ai
471,t
472,as
472,f
472,l
472,i
472,q
472,an
472,x
472,ad
472,ab
472,al
472,y
472,e
472,s
472,ai
472,t
473,f
473,as
473,i
473,a
473,ao
473,ad
473,ah
473,e
473,s
473,at
473,t
474,f
474,a
474,c
474,i
474,av
474,aq
474,ad
474,ar
474,e
474,s
474,ai
474,t
475,l
475,q
475,b
475,aj
475,an
475,x
475,u
475,ab
475,al
475,ae
475,d
475,w
475,o
475,m
476,b
476,l
476,g
476,u
476,q
476,z
476,an
476,x
476,al
476,j
476,af
476,ap
476,v
476,e
476,s
476,at
476,t
477,f
477,a
477,av
477,i
477,r
477,am
477,d
477,ad
477,o
477,n
478,l
478,aj
478,q
478,ab
478,b
478,an
478,u
478,x
478,al
478,aa
478,e
478,s
480,k
480,b
480,a
480,h
480,u
480,p
480,d
480,n
480,o
481,i
481,f
481,as
481,a
481,aq
481,ad
481,ar
481,c
481,e
481,s
481,at
481,t
482,b
482,l
482,q
482,u
482,z
482,x
482,an
482,al
482,d
482,o
482,m
482,n
483,i
483,f
483,l
483,q
483,av
483,x
483,ab
483,ad
483,an
483,al
483,aa
483,d
483,m
483,n
483,o
484,g
484,b
484,l
484,u
484,q
484,x
484,ab
484,an
484,al
484,h
484,p
484,d
484,w
484,au
484,o
484,ag
486,aj
486,a
486,b
486,u
486,e
486,s
486,at
486,t
487,av
487,i
487,f
487,l
487,q
487,ab
487,ad
487,an
487,x
487,al
487,aa
487,d
487,o
488,k
488,l
488,b
488,q
488,u
488,an
488,z
488,x
488,al
488,c
488,aq
488,ar
488,e
488,s
488,ai
488,t
489,as
489,f
489,l
489,i
489,ad
489,q
489,an
489,z
489,x
489,al
489,ae
489,e
489,s
489,ai
489,t
490,l
490,b
490,u
490,q
490,x
490,ab
490,an
490,al
490,ae
490,e
490,s
490,at
490,t
491,i
491,a
491,av
491,ad
491,f
491,y
491,e
491,s
491,at
491,t
492,a
492,f
492,ae
492,av
492,d
492,i
492,ad
492,n
492,o
495,g
495,b
495,l
495,u
495,q
495,x
495,z
495,an
495,al
495,c
495,aq
495,ar
495,d
495,o
495,ak
495,w
495,ag
496,i
496,av
496,f
496,l
496,ad
496,q
496,an
496,z
496,x
496,al
496,aa
496,d
496,m
496,n
496,o
497,g
497,a
497,b
497,u
497,h
497,p
497,d
497,m
497,o
497,n
498,a
498,h
498,g
498,b
498,p
498,u
498,d
498,au
498,m
498,w
498,o
498,ag
499,b
499,a
499,ae
499,u
499,d
499,o
499,w
499,ak
500,i
500,ad
500,as
500,a
500,ah
500,r
500,f
500,d
500,o
501,i
501,ad
501,a
501,f
501,av
501,aa
501,d
501,w
501,o
501,au
501,ag
504,f
504,av
504,i
504,a
504,aa
504,e
504,ad
504,s
504,ai
504,t
505,i
505,l
505,f
505,av
505,ad
505,q
505,an
505,x
505,ab
505,al
505,h
505,p
505,d
505,m
505,n
505,o
506,b
506,a
506,k
506,u
506,h
506,p
506,e
506,s
506,ai
506,t
507,f
507,i
507,a
507,ad
507,as
507,ae
507,e
507,s
507,ai
507,t
508,b
508,l
508,k
508,u
508,q
508,ab
508,an
508,x
508,al
508,aa
508,e
508,s
508,ai
508,t
509,av
509,i
509,ad
509,l
509,f
509,q
509,x
509,z
509,an
509,al
509,d
509,o
509,w
509,ak
509,ag
510,av
510,f
510,i
510,l
510,q
510,z
510,ad
510,x
510,an
510,al
510,d
510,n
512,f
512,i
512,l
512,av
512,ad
512,q
512,z
512,x
512,an
512,al
512,ao
512,am
512,d
512,au
512,o
512,m
512,w
512,ag
514,b
514,g
514,a
514,u
514,j
514,af
514,v
514,ap
514,d
514,ak
514,o
514,m
514,w
514,ag
515,b
515,u
515,g
515,l
515,q
515,x
515,ab
515,an
515,al
515,ac
515,e
515,s
515,at
515,t
516,i
516,l
516,av
516,ad
516,f
516,q
516,ab
516,x
516,an
516,al
516,d
516,o
516,m
517,b
517,aj
517,u
517,l
517,q
517,an
517,x
517,z
517,al
517,ae
517,e
517,s
517,ai
517,t
518,i
518,f
518,ad
518,av
518,a
518,aa
518,d
518,o
518,n
520,f
520,l
520,q
520,x
520,as
520,z
520,i
520,an
520,ad
520,al
520,aa
520,d
520,m
520,o
520,w
522,i
522,l
522,f
522,as
522,q
522,ad
522,x
522,an
522,ab
522,al
522,j
522,ap
522,v
522,af
522,e
522,s
522,ai
522,t
523,l
523,i
523,av
523,f
523,ad
523,q
523,x
523,ab
523,an
523,al
523,aa
523,d
523,m
523,n
523,o
524,k
524,b
524,l
524,q
524,ab
524,x
524,u
524,an
524,al
524,j
524,ap
524,v
524,af
524,d
524,o
524,ak
524,w
524,m
524,ag
525,f
525,as
525,a
525,i
525,aa
525,ad
525,d
525,w
525,m
525,au
525,o
525,ag
526,b
526,l
526,q
526,an
526,u
526,k
526,x
526,z
526,al
526,h
526,p
526,e
526,s
526,at
526,t
527,b
527,u
527,g
527,a
527,ae
527,e
527,s
527,at
527,t
528,l
528,q
528,f
528,x
528,ab
528,an
528,i
528,al
528,av
528,ad
528,j
528,af
528,ap
528,v
528,e
528,s
528,ai
528,t
529,i
529,f
529,ad
529,av
529,a
529,ac
529,e
529,s
529,ai
529,t
530,f
530,l
530,av
530,i
530,q
530,an
530,ad
530,x
530,ab
530,al
530,aa
530,e
530,s
530,at
530,t
535,b
535,u
535,a
535,ae
535,e
535,s
535,ai
535,t
538,f
538,i
538,a
538,as
538,ad
538,ae
538,e
538,s
538,at
538,t
539,a
539,c
539,aq
539,ar
539,av
539,i
539,f
539,e
539,ad
539,s
539,at
539,t
540,a
540,b
540,d
540,u
540,o
541,f
541,i
541,a
541,av
541,ah
541,ad
541,ao
541,e
541,s
541,at
541,t
542,l
542,b
542,q
542,ab
542,an
542,x
542,u
542,al
542,j
542,v
542,ap
542,af
542,e
542,s
542,ai
542,t
543,l
543,as
543,i
543,f
543,q
543,ad
543,x
543,ab
543,an
543,al
543,e
543,s
543,at
543,t
544,b
544,aj
544,a
544,u
544,aa
544,d
544,o
544,n
546,a
546,b
546,u
546,k
546,aa
546,e
546,s
546,at
546,t
549,av
549,f
549,a
549,j
549,ap
549,i
549,ad
549,af
549,v
549,e
549,s
549,at
549,t
550,l
550,g
550,b
550,q
550,an
550,z
550,u
550,x
550,al
550,ae
550,d
550,o
550,m
551,av
551,i
551,f
551,ad
551,a
551,e
551,s
551,at
551,t
552,a
552,aj
552,d
552,b
552,o
552,u
554,a
554,b
554,ae
554,u
554,aj
554,e
554,s
554,ai
554,t
556,g
556,l
556,q
556,x
556,z
556,b
556,an
556,u
556,al
556,d
556,ak
556,w
556,ag
556,m
556,o
557,a
557,b
557,ao
557,am
557,u
557,e
557,k
557,s
557,ai
557,t
558,l
558,q
558,k
558,x
558,z
558,b
558,u
558,an
558,al
558,ae
558,e
558,s
558,ai
558,t
559,b
559,k
559,u
559,a
559,e
559,s
559,at
559,t
560,b
560,l
560,u
560,q
560,x
560,ab
560,an
560,al
560,aq
560,ar
560,c
560,e
560,s
560,at
560,t
562,k
562,b
562,a
562,u
562,ae
562,d
562,n
562,o
563,b
563,a
563,u
563,aa
563,e
563,s
563,ai
563,t
565,b
565,l
565,u
565,q
565,an
565,x
565,ab
565,al
565,h
565,p
565,d
565,au
565,w
565,o
565,ag
566,f
566,i
566,av
566,a
566,e
566,ad
566,s
566,at
566,t
567,a
567,b
567,u
567,ac
567,e
567,s
567,ai
567,t
568,av
568,f
568,i
568,l
568,q
568,ad
568,an
568,x
568,z
568,al
568,ae
568,e
568,s
568,ai
568,t
569,f
569,i
569,ad
569,a
569,as
569,y
569,e
569,s
569,at
569,t
570,f
570,l
570,i
570,q
570,ad
570,as
570,an
570,x
570,al
570,ab
570,aa
570,e
570,s
570,ai
570,t
571,aj
571,b
571,u
571,l
571,q
571,x
571,an
571,al
571,z
571,ac
571,e
571,s
571,at
571,t
572,f
572,as
572,a
572,i
572,aa
572,d
572,o
572,n
572,m
572,ad
573,f
573,i
573,ad
573,a
573,r
573,av
573,am
573,e
573,s
573,ai
573,t
574,b
574,u
574,a
574,e
574,s
574,at
574,t
576,i
576,av
576,ad
576,f
576,a
576,d
576,n
576,o
577,av
577,i
577,a
577,ao
577,f
577,ad
577,am
577,d
577,m
577,ak
577,o
577,w
577,ag
578,l
578,i
578,as
578,f
578,ad
578,q
578,an
578,z
578,x
578,al
578,c
578,aq
578,ar
578,d
578,o
578,au
578,w
578,ag
580,f
580,av
580,l
580,i
580,q
580,z
580,ad
580,x
580,an
580,al
580,e
580,s
580,ai
580,t
582,f
582,i
582,a
582,as
582,ad
582,y
582,e
582,s
582,ai
582,t
583,f
583,as
583,l
583,i
583,q
583,ad
583,x
583,ab
583,an
583,al
583,ac
583,e
583,s
583,ai
583,t
584,i
584,a
584,ad
584,j
584,as
584,f
584,v
584,ap
584,af
587,i
587,f
587,l
587,ad
587,av
587,q
587,x
587,ab
587,an
587,al
587,j
587,ap
587,af
587,v
587,e
587,s
587,ai
587,t
588,as
588,i
588,f
588,ad
588,a
588,j
588,af
588,ap
588,v
588,e
588,s
588,at
588,t
589,b
589,a
589,u
589,d
589,o
589,n
591,i
591,av
591,f
591,ad
591,a
591,ac
591,e
591,s
591,ai
591,t
592,i
592,as
592,l
592,f
592,ad
592,q
592,x
592,z
592,an
592,al
592,y
592,d
592,o
592,n
594,a
594,av
594,f
594,i
594,e
594,ad
594,s
594,ai
594,t
596,i
596,l
596,q
596,ad
596,f
596,z
596,x
596,as
596,an
596,al
596,aa
596,e
596,s
597,i
597,as
597,l
597,f
597,ad
597,q
597,an
597,x
597,ab
597,al
597,ac
597,e
597,s
597,at
597,t
598,a
598,f
598,as
598,i
598,aa
598,d
598,ad
598,m
598,o
598,n
600,f
600,as
600,l
600,i
600,ad
600,q
600,an
600,ab
600,x
600,al
600,aa
600,e
600,s
600,at
600,t
604,l
604,b
604,q
604,an
604,k
604,x
604,u
604,al
604,ab
604,ac
604,d
604,o
604,n
605,b
605,a
605,u
605,e
605,s
605,at
605,t
606,i
606,f
606,av
606,a
606,ad
606,ae
606,d
606,m
606,n
606,o
607,f
607,i
607,a
607,av
607,ad
607,ac
607,d
607,n
607,o
608,i
608,ad
608,f
608,a
608,av
608,r
608,am
608,e
608,s
608,at
608,t
609,as
609,a
609,f
609,i
609,ad
609,ae
609,d
609,o
609,au
609,w
609,ag
609,m
610,b
610,aj
610,u
610,l
610,q
610,x
610,z
610,an
610,al
610,ac
610,d
610,ak
610,w
610,ag
610,o
611,i
611,ad
611,a
611,as
611,f
611,ao
611,ah
611,e
611,s
611,ai
611,t
612,a
612,i
612,as
612,f
612,e
612,s
612,ad
612,ai
612,t
613,f
613,a
613,i
613,av
613,h
613,ad
613,p
613,e
613,s
613,at
613,t
614,av
614,a
614,f
614,i
614,c
614,aq
614,ad
614,ar
614,d
614,au
614,w
614,ag
614,o
616,g
616,a
616,b
616,j
616,ap
616,u
616,v
616,af
616,d
616,o
616,n
617,a
617,b
617,u
617,d
617,n
617,m
617,o
618,f
618,i
618,as
618,l
618,ad
618,q
618,z
618,x
618,an
618,al
618,y
618,d
618,m
618,o
618,ak
618,w
618,ag
619,k
619,a
619,b
619,d
619,au
619,u
619,o
619,w
619,ag
620,f
620,l
620,q
620,i
620,av
620,ad
620,an
620,x
620,z
620,al
620,y
620,e
620,s
620,at
620,t
622,i
622,f
622,a
622,as
622,ad
622,y
622,e
622,s
622,at
622,t
623,k
623,b
623,u
623,a
623,j
623,af
623,v
623,ap
623,d
623,o
623,au
623,w
623,ag
624,b
624,a
624,k
624,u
624,e
624,s
624,ai
624,t
625,b
625,k
625,a
625,u
625,j
625,v
625,af
625,ap
625,e
625,s
625,ai
625,t
627,b
627,aj
627,a
627,aq
627,ar
627,c
627,u
627,e
627,s
627,at
627,t
628,f
628,av
628,l
628,i
628,q
628,an
628,ad
628,x
628,z
628,al
628,ae
628,d
628,o
628,m
629,a
629,b
629,aq
629,u
630,av
630,l
630,i
630,q
630,f
630,ad
630,x
630,ab
630,an
630,al
630,y
630,e
630,s
630,ai
630,t
631,k
631,l
631,b
631,q
631,an
631,u
631,ab
631,x
631,al
631,aq
631,ar
631,c
631,e
631,s
631,ai
631,t
633,b
633,a
633,u
633,aj
633,y
633,e
633,s
633,at
633,t
634,b
634,l
634,q
634,x
634,u
634,an
634,z
634,al
634,h
634,p
634,d
634,o
634,w
634,m
634,au
634,ag
635,f
635,as
635,a
635,i
635,ad
635,y
635,e
635,s
635,at
635,t
636,b
636,l
636,g
636,q
636,u
636,z
636,x
636,an
636,al
636,c
636,aq
636,ar
636,d
636,n
636,o
636,m
637,b
637,a
637,y
637,u
637,d
637,o
637,m
638,a
638,av
638,i
638,f
638,e
638,ad
638,s
638,at
638,t
640,f
640,a
640,i
640,as
640,ad
640,ac
640,e
640,s
640,at
640,t
641,as
641,l
641,i
641,f
641,ad
641,q
641,ab
641,x
641,an
641,al
641,y
641,d
641,n
641,m
641,o
642,f
642,av
642,i
642,l
642,q
642,z
642,ad
642,an
642,x
642,al
642,ao
642,ah
642,e
642,s
642,at
642,t
644,l
644,k
644,b
644,q
644,z
644,x
644,an
644,u
644,al
644,c
644,aq
644,ar
644,e
644,s
644,ai
644,t
646,b
646,u
646,a
646,ae
646,e
646,s
646,at
646,t
648,b
648,u
648,a
648,aj
648,ae
648,e
648,s
648,at
648,t
649,i
649,f
649,l
649,ad
649,q
649,as
649,an
649,ab
649,x
649,al
649,ae
649,e
649,s
649,ai
649,t
650,b
650,l
650,q
650,z
650,g
650,u
650,x
650,an
650,al
650,d
650,o
650,m
650,n
652,b
652,u
652,g
652,a
652,j
652,ap
652,v
652,af
652,e
652,s
652,at
652,t
653,aj
653,a
653,b
653,h
653,u
653,p
653,e
653,s
653,ai
653,t
654,i
654,av
654,f
654,a
654,ad
654,d
654,m
654,o
655,l
655,b
655,g
655,q
655,an
655,z
655,u
655,x
655,al
655,ae
655,e
655,s
655,ai
655,t
656,b
656,l
656,u
656,g
656,q
656,x
656,z
656,an
656,al
656,ac
656,d
656,o
656,w
656,ak
656,ag
657,l
657,i
657,as
657,f
657,q
657,ad
657,ab
657,an
657,x
657,al
657,ac
657,d
657,m
657,o
658,a
658,b
658,aj
658,h
658,p
658,d
658,u
658,o
658,w
658,ak
658,ag
659,as
659,a
659,i
659,f
659,aq
659,c
659,ad
659,ar
659,d
659,n
659,o
660,b
660,u
660,l
660,q
660,ab
660,x
660,an
660,al
660,j
660,af
660,v
660,ap
662,l
662,b
662,aj
662,u
662,q
662,x
662,an
662,z
662,al
662,j
662,v
662,ap
662,af
662,d
662,n
662,m
662,o
663,b
663,u
663,a
663,ae
663,e
663,s
663,at
663,t
664,k
664,b
664,u
664,a
664,aq
664,c
664,ar
664,d
664,m
664,o
665,as
665,f
665,l
665,q
665,x
665,i
665,z
665,ad
665,an
665,al
665,aa
665,d
665,o
665,m
666,b
666,u
666,a
666,aj
666,j
666,ap
666,af
666,v
666,e
666,s
666,ai
666,t
667,f
667,av
667,a
667,i
667,ad
667,y
667,e
667,s
667,at
667,t
668,k
668,b
668,u
668,a
668,ao
668,am
668,e
668,s
668,ai
668,t
670,f
670,a
670,av
670,i
670,ad
670,aa
670,e
670,s
670,at
670,t
671,i
671,a
671,as
671,f
671,j
671,v
671,af
671,ad
671,ap
671,e
671,s
671,at
671,t
672,l
672,b
672,u
672,q
672,x
672,an
672,ab
672,al
672,ah
672,ao
672,e
672,s
672,ai
672,t
673,g
673,b
673,u
673,l
673,q
673,ab
673,an
673,x
673,al
673,y
673,e
673,s
673,at
673,t
675,a
675,i
675,ad
675,f
675,av
675,j
675,af
675,ap
675,v
675,e
675,s
675,ai
675,t
676,l
676,aj
676,b
676,q
676,ab
676,x
676,u
676,an
676,al
676,aq
676,c
676,ar
676,d
676,w
676,ak
676,o
676,ag
677,as
677,a
677,i
677,f
677,aa
677,e
677,s
677,ai
677,ad
678,i
678,av
678,a
678,f
678,ad
678,h
678,p
678,d
678,o
678,m
679,i
679,av
679,ad
679,a
679,f
679,h
679,p
679,e
679,s
679,ai
679,t
681,b
681,a
681,ae
681,u
681,d
681,m
681,o
682,b
682,g
682,l
682,q
682,u
682,ab
682,x
682,an
682,al
682,aa
682,e
682,s
682,ai
682,t
684,b
684,u
684,aj
684,a
684,d
684,ak
684,o
684,w
684,m
684,ag
685,a
685,b
685,k
685,y
685,u
685,d
685,o
685,n
685,m
688,i
688,av
688,l
688,f
688,q
688,ad
688,ab
688,x
688,an
688,al
688,ae
688,e
688,s
688,at
688,t
689,as
689,l
689,i
689,q
689,an
689,z
689,f
689,ad
689,x
689,al
689,aq
689,c
689,ar
689,d
689,n
689,o
689,m
690,i
690,ad
690,av
690,a
690,f
690,ac
690,e
690,s
690,at
690,t
691,i
691,a
691,av
691,h
691,ad
691,f
691,p
691,d
691,n
691,o
691,m
692,f
692,av
692,i
692,l
692,q
692,ad
692,an
692,z
692,x
692,al
692,y
692,d
692,o
692,m
695,l
695,b
695,u
695,q
695,x
695,an
695,al
695,ab
695,ao
695,ah
695,e
695,s
695,at
695,t
696,i
696,ad
696,as
696,f
696,a
696,c
696,aq
696,ar
696,d
696,o
696,m
698,l
698,g
698,b
698,q
698,an
698,x
698,al
698,u
698,z
698,h
698,p
698,e
698,s
698,at
698,t
699,av
699,f
699,a
699,i
699,h
699,ad
699,p
699,d
699,o
699,n
700,l
700,q
700,b
700,x
700,z
700,an
700,al
700,ao
700,u
700,ah
700,d
700,o
700,n
